{"_runtime": 33.8976375, "_step": 290, "charts/episodic_survival": 0.06398809523809523, "charts/episodic_return": -3, "charts/episodic_length": 516, "charts/global_step": 290, "_timestamp": 1744545430.4750223}