{"charts/episodic_length":390,"charts/global_step":2998,"_timestamp":1.7445558431819632e+09,"_runtime":217.059616,"_step":2998,"_wandb":{"runtime":217},"charts/episodic_survival":0.04836309523809524,"charts/episodic_return":4.0785422921180725}