{"_step":2990,"charts/episodic_survival":0.05530753968253968,"charts/episodic_return":3.4224569499492645,"_wandb":{"runtime":184},"charts/episodic_length":446,"charts/global_step":2990,"_timestamp":1.744735271264189e+09,"_runtime":184.7879103}