Seed,Hypervolume 3D,Sparsity 3D
MC,0.22631692415884394,0.9560266691770893
