{
  "x": -2.3781651980874248,
  "y": 2.2316027869501163
}