{
  "x": 0.149512299420818,
  "y": -0.0995597962800554
}