{"charts/episodic_return":121.50782,"charts/episodic_length":665,"charts/global_step":3995,"_timestamp":1.744794141383434e+09,"global_step":3995,"_runtime":396.9549643,"_wandb":{"runtime":396},"_step":3196,"charts/episodic_survival":0.082465276}