{
  "x": -2.8320917081130674,
  "y": -0.9122904743880333
}