{
  "x": -1.5653467891398334,
  "y": -1.9824306278039125
}