{
  "x": -0.2771026034516373,
  "y": -1.1423196602406855
}