{"charts/episodic_survival": 0.0625, "charts/episodic_return": 164.96799, "charts/episodic_length": 504, "charts/global_step": 3999, "_timestamp": 1744795637.3607867, "_runtime": 49.5804119, "_step": 2672, "global_step": 3999}