{"_timestamp": 1744797023.6992962, "_runtime": 64.181339, "_step": 2672, "charts/episodic_survival": 0.13777281, "charts/episodic_return": 322.40512, "charts/episodic_length": 1111, "charts/global_step": 10008, "global_step": 10008}