{
  "x": 2.550974264489909,
  "y": 2.4270456655683503
}