{
  "x": -2.452138127611954,
  "y": -0.7591123485659423
}