{"charts/episodic_survival": 0.08556547619047619, "charts/episodic_return": 4.374255180358887, "charts/episodic_length": 690, "charts/global_step": 1998, "_timestamp": 1744733024.5109181, "_runtime": 153.5014206, "_step": 1998}