{
  "x": -1.4548000871694327,
  "y": -2.0871498450578514
}