{
  "x": 2.674475981227806,
  "y": 2.330453586619046
}