{"charts/episodic_survival": 0.3550347, "charts/episodic_return": 905.98126, "charts/episodic_length": 2863, "charts/global_step": 1995, "_timestamp": 1744795117.8271837, "_runtime": 175.5433215, "_step": 2660, "global_step": 1995}