{
  "x": 0.34146156545079887,
  "y": 2.7604175433335643
}