{"_runtime": 40.243584, "_step": 2672, "charts/episodic_survival": 0.10218254, "charts/episodic_return": 8.209504, "charts/episodic_length": 824, "charts/global_step": 6003, "_timestamp": 1744796829.8028772, "global_step": 6003}