{
  "x": -0.8655291307239832,
  "y": 2.9734831556556296
}