{
  "x": -0.9358160756802087,
  "y": 1.0929183533097753
}