{"_timestamp":1.7447908861694534e+09,"_wandb":{"runtime":372},"charts/episodic_length":1264,"charts/global_step":3998,"charts/episodic_survival":0.15674603,"charts/episodic_return":216.3499,"_runtime":372.0495933,"global_step":3998,"_step":7995}