{"_timestamp": 1744733600.4307954, "_runtime": 217.4348044, "_step": 12002, "charts/episodic_survival": 0.09250992063492064, "charts/episodic_return": 72.19493041932583, "charts/episodic_length": 746, "charts/global_step": 12002}