{"charts/episodic_survival": 0.0003720238095238095, "charts/episodic_return": -2.225708097219467, "charts/episodic_length": 3, "charts/global_step": 288, "_timestamp": 1744555569.8678172, "_runtime": 96.2261214, "_step": 288}