{
  "x": 0.6966695597646595,
  "y": -1.2163188527888626
}