{"charts/episodic_length": 911, "charts/global_step": 8004, "_timestamp": 1744796913.1171362, "_runtime": 43.8757445, "_step": 2668, "charts/episodic_survival": 0.11297123, "charts/episodic_return": 152.82169, "global_step": 8004}