{"charts/episodic_length": 1449, "charts/global_step": 30012, "_timestamp": 1744797698.4473312, "_runtime": 622.144207, "_step": 26671, "charts/episodic_survival": 0.1796875, "charts/episodic_return": 202.47974, "global_step": 30012}