{"charts/episodic_survival": 0.08903769841269842, "charts/episodic_return": 6.53084959089756, "charts/episodic_length": 718, "charts/global_step": 14004, "_timestamp": 1744733767.1258528, "_runtime": 39.0312807, "_step": 14004}