{
  "x": 1.9500503969441318,
  "y": -0.02825113925577094
}