{
  "x": -1.0327814966424966,
  "y": 2.2416461067931817
}