{"charts/episodic_return": 13.408664762973785, "charts/episodic_length": 154, "charts/global_step": 4000, "_timestamp": 1744733250.0904994, "_runtime": 40.4187566, "_step": 4000, "charts/episodic_survival": 0.019097222222222224}