{
  "x": 1.2099058001667107,
  "y": 0.36492537490089916
}